2327	+proj=tmerc +lat_0=0 +lon_0=75 +k=1 +x_0=13500000 +y_0=0 +a=6378140 +b=6356755.288157528 +units=m +no_defs 
2328	+proj=tmerc +lat_0=0 +lon_0=81 +k=1 +x_0=14500000 +y_0=0 +a=6378140 +b=6356755.288157528 +units=m +no_defs 
2329	+proj=tmerc +lat_0=0 +lon_0=87 +k=1 +x_0=15500000 +y_0=0 +a=6378140 +b=6356755.288157528 +units=m +no_defs 
2330	+proj=tmerc +lat_0=0 +lon_0=93 +k=1 +x_0=16500000 +y_0=0 +a=6378140 +b=6356755.288157528 +units=m +no_defs 
2331	+proj=tmerc +lat_0=0 +lon_0=99 +k=1 +x_0=17500000 +y_0=0 +a=6378140 +b=6356755.288157528 +units=m +no_defs 
2332	+proj=tmerc +lat_0=0 +lon_0=105 +k=1 +x_0=18500000 +y_0=0 +a=6378140 +b=6356755.288157528 +units=m +no_defs 
2333	+proj=tmerc +lat_0=0 +lon_0=111 +k=1 +x_0=19500000 +y_0=0 +a=6378140 +b=6356755.288157528 +units=m +no_defs 
2334	+proj=tmerc +lat_0=0 +lon_0=117 +k=1 +x_0=20500000 +y_0=0 +a=6378140 +b=6356755.288157528 +units=m +no_defs 
2335	+proj=tmerc +lat_0=0 +lon_0=123 +k=1 +x_0=21500000 +y_0=0 +a=6378140 +b=6356755.288157528 +units=m +no_defs 
2336	+proj=tmerc +lat_0=0 +lon_0=129 +k=1 +x_0=22500000 +y_0=0 +a=6378140 +b=6356755.288157528 +units=m +no_defs 
2337	+proj=tmerc +lat_0=0 +lon_0=135 +k=1 +x_0=23500000 +y_0=0 +a=6378140 +b=6356755.288157528 +units=m +no_defs 
2338	+proj=tmerc +lat_0=0 +lon_0=75 +k=1 +x_0=500000 +y_0=0 +a=6378140 +b=6356755.288157528 +units=m +no_defs 
2339	+proj=tmerc +lat_0=0 +lon_0=81 +k=1 +x_0=500000 +y_0=0 +a=6378140 +b=6356755.288157528 +units=m +no_defs 
2340	+proj=tmerc +lat_0=0 +lon_0=87 +k=1 +x_0=500000 +y_0=0 +a=6378140 +b=6356755.288157528 +units=m +no_defs 
2341	+proj=tmerc +lat_0=0 +lon_0=93 +k=1 +x_0=500000 +y_0=0 +a=6378140 +b=6356755.288157528 +units=m +no_defs 
2342	+proj=tmerc +lat_0=0 +lon_0=99 +k=1 +x_0=500000 +y_0=0 +a=6378140 +b=6356755.288157528 +units=m +no_defs 
2343	+proj=tmerc +lat_0=0 +lon_0=105 +k=1 +x_0=500000 +y_0=0 +a=6378140 +b=6356755.288157528 +units=m +no_defs 
2344	+proj=tmerc +lat_0=0 +lon_0=111 +k=1 +x_0=500000 +y_0=0 +a=6378140 +b=6356755.288157528 +units=m +no_defs 
2345	+proj=tmerc +lat_0=0 +lon_0=117 +k=1 +x_0=500000 +y_0=0 +a=6378140 +b=6356755.288157528 +units=m +no_defs 
2346	+proj=tmerc +lat_0=0 +lon_0=123 +k=1 +x_0=500000 +y_0=0 +a=6378140 +b=6356755.288157528 +units=m +no_defs 
2347	+proj=tmerc +lat_0=0 +lon_0=129 +k=1 +x_0=500000 +y_0=0 +a=6378140 +b=6356755.288157528 +units=m +no_defs 
2348	+proj=tmerc +lat_0=0 +lon_0=135 +k=1 +x_0=500000 +y_0=0 +a=6378140 +b=6356755.288157528 +units=m +no_defs 
2349	+proj=tmerc +lat_0=0 +lon_0=75 +k=1 +x_0=25500000 +y_0=0 +a=6378140 +b=6356755.288157528 +units=m +no_defs 
2350	+proj=tmerc +lat_0=0 +lon_0=78 +k=1 +x_0=26500000 +y_0=0 +a=6378140 +b=6356755.288157528 +units=m +no_defs 
2351	+proj=tmerc +lat_0=0 +lon_0=81 +k=1 +x_0=27500000 +y_0=0 +a=6378140 +b=6356755.288157528 +units=m +no_defs 
2352	+proj=tmerc +lat_0=0 +lon_0=84 +k=1 +x_0=28500000 +y_0=0 +a=6378140 +b=6356755.288157528 +units=m +no_defs 
2353	+proj=tmerc +lat_0=0 +lon_0=87 +k=1 +x_0=29500000 +y_0=0 +a=6378140 +b=6356755.288157528 +units=m +no_defs 
2354	+proj=tmerc +lat_0=0 +lon_0=90 +k=1 +x_0=30500000 +y_0=0 +a=6378140 +b=6356755.288157528 +units=m +no_defs 
2355	+proj=tmerc +lat_0=0 +lon_0=93 +k=1 +x_0=31500000 +y_0=0 +a=6378140 +b=6356755.288157528 +units=m +no_defs 
2356	+proj=tmerc +lat_0=0 +lon_0=96 +k=1 +x_0=32500000 +y_0=0 +a=6378140 +b=6356755.288157528 +units=m +no_defs 
2357	+proj=tmerc +lat_0=0 +lon_0=99 +k=1 +x_0=33500000 +y_0=0 +a=6378140 +b=6356755.288157528 +units=m +no_defs 
2358	+proj=tmerc +lat_0=0 +lon_0=102 +k=1 +x_0=34500000 +y_0=0 +a=6378140 +b=6356755.288157528 +units=m +no_defs 
2359	+proj=tmerc +lat_0=0 +lon_0=105 +k=1 +x_0=35500000 +y_0=0 +a=6378140 +b=6356755.288157528 +units=m +no_defs 
2360	+proj=tmerc +lat_0=0 +lon_0=108 +k=1 +x_0=36500000 +y_0=0 +a=6378140 +b=6356755.288157528 +units=m +no_defs 
2361	+proj=tmerc +lat_0=0 +lon_0=111 +k=1 +x_0=37500000 +y_0=0 +a=6378140 +b=6356755.288157528 +units=m +no_defs 
2362	+proj=tmerc +lat_0=0 +lon_0=114 +k=1 +x_0=38500000 +y_0=0 +a=6378140 +b=6356755.288157528 +units=m +no_defs 
2363	+proj=tmerc +lat_0=0 +lon_0=117 +k=1 +x_0=39500000 +y_0=0 +a=6378140 +b=6356755.288157528 +units=m +no_defs 
2364	+proj=tmerc +lat_0=0 +lon_0=120 +k=1 +x_0=40500000 +y_0=0 +a=6378140 +b=6356755.288157528 +units=m +no_defs 
2365	+proj=tmerc +lat_0=0 +lon_0=123 +k=1 +x_0=41500000 +y_0=0 +a=6378140 +b=6356755.288157528 +units=m +no_defs 
2366	+proj=tmerc +lat_0=0 +lon_0=126 +k=1 +x_0=42500000 +y_0=0 +a=6378140 +b=6356755.288157528 +units=m +no_defs 
2367	+proj=tmerc +lat_0=0 +lon_0=129 +k=1 +x_0=43500000 +y_0=0 +a=6378140 +b=6356755.288157528 +units=m +no_defs 
2368	+proj=tmerc +lat_0=0 +lon_0=132 +k=1 +x_0=44500000 +y_0=0 +a=6378140 +b=6356755.288157528 +units=m +no_defs 
2369	+proj=tmerc +lat_0=0 +lon_0=135 +k=1 +x_0=45500000 +y_0=0 +a=6378140 +b=6356755.288157528 +units=m +no_defs 
2370	+proj=tmerc +lat_0=0 +lon_0=75 +k=1 +x_0=500000 +y_0=0 +a=6378140 +b=6356755.288157528 +units=m +no_defs 
2371	+proj=tmerc +lat_0=0 +lon_0=78 +k=1 +x_0=500000 +y_0=0 +a=6378140 +b=6356755.288157528 +units=m +no_defs 
2372	+proj=tmerc +lat_0=0 +lon_0=81 +k=1 +x_0=500000 +y_0=0 +a=6378140 +b=6356755.288157528 +units=m +no_defs 
2373	+proj=tmerc +lat_0=0 +lon_0=84 +k=1 +x_0=500000 +y_0=0 +a=6378140 +b=6356755.288157528 +units=m +no_defs 
2374	+proj=tmerc +lat_0=0 +lon_0=87 +k=1 +x_0=500000 +y_0=0 +a=6378140 +b=6356755.288157528 +units=m +no_defs 
2375	+proj=tmerc +lat_0=0 +lon_0=90 +k=1 +x_0=500000 +y_0=0 +a=6378140 +b=6356755.288157528 +units=m +no_defs 
2376	+proj=tmerc +lat_0=0 +lon_0=93 +k=1 +x_0=500000 +y_0=0 +a=6378140 +b=6356755.288157528 +units=m +no_defs 
2377	+proj=tmerc +lat_0=0 +lon_0=96 +k=1 +x_0=500000 +y_0=0 +a=6378140 +b=6356755.288157528 +units=m +no_defs 
2378	+proj=tmerc +lat_0=0 +lon_0=99 +k=1 +x_0=500000 +y_0=0 +a=6378140 +b=6356755.288157528 +units=m +no_defs 
2379	+proj=tmerc +lat_0=0 +lon_0=102 +k=1 +x_0=500000 +y_0=0 +a=6378140 +b=6356755.288157528 +units=m +no_defs 
2380	+proj=tmerc +lat_0=0 +lon_0=105 +k=1 +x_0=500000 +y_0=0 +a=6378140 +b=6356755.288157528 +units=m +no_defs 
2381	+proj=tmerc +lat_0=0 +lon_0=108 +k=1 +x_0=500000 +y_0=0 +a=6378140 +b=6356755.288157528 +units=m +no_defs 
2382	+proj=tmerc +lat_0=0 +lon_0=111 +k=1 +x_0=500000 +y_0=0 +a=6378140 +b=6356755.288157528 +units=m +no_defs 
2383	+proj=tmerc +lat_0=0 +lon_0=114 +k=1 +x_0=500000 +y_0=0 +a=6378140 +b=6356755.288157528 +units=m +no_defs 
2384	+proj=tmerc +lat_0=0 +lon_0=117 +k=1 +x_0=500000 +y_0=0 +a=6378140 +b=6356755.288157528 +units=m +no_defs 
2385	+proj=tmerc +lat_0=0 +lon_0=120 +k=1 +x_0=500000 +y_0=0 +a=6378140 +b=6356755.288157528 +units=m +no_defs 
2386	+proj=tmerc +lat_0=0 +lon_0=123 +k=1 +x_0=500000 +y_0=0 +a=6378140 +b=6356755.288157528 +units=m +no_defs 
2387	+proj=tmerc +lat_0=0 +lon_0=126 +k=1 +x_0=500000 +y_0=0 +a=6378140 +b=6356755.288157528 +units=m +no_defs 
2388	+proj=tmerc +lat_0=0 +lon_0=129 +k=1 +x_0=500000 +y_0=0 +a=6378140 +b=6356755.288157528 +units=m +no_defs 
2389	+proj=tmerc +lat_0=0 +lon_0=132 +k=1 +x_0=500000 +y_0=0 +a=6378140 +b=6356755.288157528 +units=m +no_defs 
2390	+proj=tmerc +lat_0=0 +lon_0=135 +k=1 +x_0=500000 +y_0=0 +a=6378140 +b=6356755.288157528 +units=m +no_defs 
21413	+proj=tmerc +lat_0=0 +lon_0=75 +k=1 +x_0=13500000 +y_0=0 +ellps=krass +towgs84=15.8,-154.4,-82.3,0,0,0,0 +units=m +no_defs 
21414	+proj=tmerc +lat_0=0 +lon_0=81 +k=1 +x_0=14500000 +y_0=0 +ellps=krass +towgs84=15.8,-154.4,-82.3,0,0,0,0 +units=m +no_defs 
21415	+proj=tmerc +lat_0=0 +lon_0=87 +k=1 +x_0=15500000 +y_0=0 +ellps=krass +towgs84=15.8,-154.4,-82.3,0,0,0,0 +units=m +no_defs 
21416	+proj=tmerc +lat_0=0 +lon_0=93 +k=1 +x_0=16500000 +y_0=0 +ellps=krass +towgs84=15.8,-154.4,-82.3,0,0,0,0 +units=m +no_defs 
21417	+proj=tmerc +lat_0=0 +lon_0=99 +k=1 +x_0=17500000 +y_0=0 +ellps=krass +towgs84=15.8,-154.4,-82.3,0,0,0,0 +units=m +no_defs 
21418	+proj=tmerc +lat_0=0 +lon_0=105 +k=1 +x_0=18500000 +y_0=0 +ellps=krass +towgs84=15.8,-154.4,-82.3,0,0,0,0 +units=m +no_defs 
21419	+proj=tmerc +lat_0=0 +lon_0=111 +k=1 +x_0=19500000 +y_0=0 +ellps=krass +towgs84=15.8,-154.4,-82.3,0,0,0,0 +units=m +no_defs 
21420	+proj=tmerc +lat_0=0 +lon_0=117 +k=1 +x_0=20500000 +y_0=0 +ellps=krass +towgs84=15.8,-154.4,-82.3,0,0,0,0 +units=m +no_defs 
21421	+proj=tmerc +lat_0=0 +lon_0=123 +k=1 +x_0=21500000 +y_0=0 +ellps=krass +towgs84=15.8,-154.4,-82.3,0,0,0,0 +units=m +no_defs 
21422	+proj=tmerc +lat_0=0 +lon_0=129 +k=1 +x_0=22500000 +y_0=0 +ellps=krass +towgs84=15.8,-154.4,-82.3,0,0,0,0 +units=m +no_defs 
21423	+proj=tmerc +lat_0=0 +lon_0=135 +k=1 +x_0=23500000 +y_0=0 +ellps=krass +towgs84=15.8,-154.4,-82.3,0,0,0,0 +units=m +no_defs 
21473	+proj=tmerc +lat_0=0 +lon_0=75 +k=1 +x_0=500000 +y_0=0 +ellps=krass +towgs84=15.8,-154.4,-82.3,0,0,0,0 +units=m +no_defs 
21474	+proj=tmerc +lat_0=0 +lon_0=81 +k=1 +x_0=500000 +y_0=0 +ellps=krass +towgs84=15.8,-154.4,-82.3,0,0,0,0 +units=m +no_defs 
21475	+proj=tmerc +lat_0=0 +lon_0=87 +k=1 +x_0=500000 +y_0=0 +ellps=krass +towgs84=15.8,-154.4,-82.3,0,0,0,0 +units=m +no_defs 
21476	+proj=tmerc +lat_0=0 +lon_0=93 +k=1 +x_0=500000 +y_0=0 +ellps=krass +towgs84=15.8,-154.4,-82.3,0,0,0,0 +units=m +no_defs 
21477	+proj=tmerc +lat_0=0 +lon_0=99 +k=1 +x_0=500000 +y_0=0 +ellps=krass +towgs84=15.8,-154.4,-82.3,0,0,0,0 +units=m +no_defs 
21478	+proj=tmerc +lat_0=0 +lon_0=105 +k=1 +x_0=500000 +y_0=0 +ellps=krass +towgs84=15.8,-154.4,-82.3,0,0,0,0 +units=m +no_defs 
21479	+proj=tmerc +lat_0=0 +lon_0=111 +k=1 +x_0=500000 +y_0=0 +ellps=krass +towgs84=15.8,-154.4,-82.3,0,0,0,0 +units=m +no_defs 
21480	+proj=tmerc +lat_0=0 +lon_0=117 +k=1 +x_0=500000 +y_0=0 +ellps=krass +towgs84=15.8,-154.4,-82.3,0,0,0,0 +units=m +no_defs 
21481	+proj=tmerc +lat_0=0 +lon_0=123 +k=1 +x_0=500000 +y_0=0 +ellps=krass +towgs84=15.8,-154.4,-82.3,0,0,0,0 +units=m +no_defs 
21482	+proj=tmerc +lat_0=0 +lon_0=129 +k=1 +x_0=500000 +y_0=0 +ellps=krass +towgs84=15.8,-154.4,-82.3,0,0,0,0 +units=m +no_defs 
21483	+proj=tmerc +lat_0=0 +lon_0=135 +k=1 +x_0=500000 +y_0=0 +ellps=krass +towgs84=15.8,-154.4,-82.3,0,0,0,0 +units=m +no_defs 
2401	+proj=tmerc +lat_0=0 +lon_0=75 +k=1 +x_0=25500000 +y_0=0 +ellps=krass +towgs84=15.8,-154.4,-82.3,0,0,0,0 +units=m +no_defs 
2402	+proj=tmerc +lat_0=0 +lon_0=78 +k=1 +x_0=26500000 +y_0=0 +ellps=krass +towgs84=15.8,-154.4,-82.3,0,0,0,0 +units=m +no_defs 
2403	+proj=tmerc +lat_0=0 +lon_0=81 +k=1 +x_0=27500000 +y_0=0 +ellps=krass +towgs84=15.8,-154.4,-82.3,0,0,0,0 +units=m +no_defs 
2404	+proj=tmerc +lat_0=0 +lon_0=84 +k=1 +x_0=28500000 +y_0=0 +ellps=krass +towgs84=15.8,-154.4,-82.3,0,0,0,0 +units=m +no_defs 
2405	+proj=tmerc +lat_0=0 +lon_0=87 +k=1 +x_0=29500000 +y_0=0 +ellps=krass +towgs84=15.8,-154.4,-82.3,0,0,0,0 +units=m +no_defs 
2406	+proj=tmerc +lat_0=0 +lon_0=90 +k=1 +x_0=30500000 +y_0=0 +ellps=krass +towgs84=15.8,-154.4,-82.3,0,0,0,0 +units=m +no_defs 
2407	+proj=tmerc +lat_0=0 +lon_0=93 +k=1 +x_0=31500000 +y_0=0 +ellps=krass +towgs84=15.8,-154.4,-82.3,0,0,0,0 +units=m +no_defs 
2408	+proj=tmerc +lat_0=0 +lon_0=96 +k=1 +x_0=32500000 +y_0=0 +ellps=krass +towgs84=15.8,-154.4,-82.3,0,0,0,0 +units=m +no_defs 
2409	+proj=tmerc +lat_0=0 +lon_0=99 +k=1 +x_0=33500000 +y_0=0 +ellps=krass +towgs84=15.8,-154.4,-82.3,0,0,0,0 +units=m +no_defs 
2410	+proj=tmerc +lat_0=0 +lon_0=102 +k=1 +x_0=34500000 +y_0=0 +ellps=krass +towgs84=15.8,-154.4,-82.3,0,0,0,0 +units=m +no_defs 
2411	+proj=tmerc +lat_0=0 +lon_0=105 +k=1 +x_0=35500000 +y_0=0 +ellps=krass +towgs84=15.8,-154.4,-82.3,0,0,0,0 +units=m +no_defs 
2412	+proj=tmerc +lat_0=0 +lon_0=108 +k=1 +x_0=36500000 +y_0=0 +ellps=krass +towgs84=15.8,-154.4,-82.3,0,0,0,0 +units=m +no_defs 
2413	+proj=tmerc +lat_0=0 +lon_0=111 +k=1 +x_0=37500000 +y_0=0 +ellps=krass +towgs84=15.8,-154.4,-82.3,0,0,0,0 +units=m +no_defs 
2414	+proj=tmerc +lat_0=0 +lon_0=114 +k=1 +x_0=38500000 +y_0=0 +ellps=krass +towgs84=15.8,-154.4,-82.3,0,0,0,0 +units=m +no_defs 
2415	+proj=tmerc +lat_0=0 +lon_0=117 +k=1 +x_0=39500000 +y_0=0 +ellps=krass +towgs84=15.8,-154.4,-82.3,0,0,0,0 +units=m +no_defs 
2416	+proj=tmerc +lat_0=0 +lon_0=120 +k=1 +x_0=40500000 +y_0=0 +ellps=krass +towgs84=15.8,-154.4,-82.3,0,0,0,0 +units=m +no_defs 
2417	+proj=tmerc +lat_0=0 +lon_0=123 +k=1 +x_0=41500000 +y_0=0 +ellps=krass +towgs84=15.8,-154.4,-82.3,0,0,0,0 +units=m +no_defs 
2418	+proj=tmerc +lat_0=0 +lon_0=126 +k=1 +x_0=42500000 +y_0=0 +ellps=krass +towgs84=15.8,-154.4,-82.3,0,0,0,0 +units=m +no_defs 
2419	+proj=tmerc +lat_0=0 +lon_0=129 +k=1 +x_0=43500000 +y_0=0 +ellps=krass +towgs84=15.8,-154.4,-82.3,0,0,0,0 +units=m +no_defs 
2420	+proj=tmerc +lat_0=0 +lon_0=132 +k=1 +x_0=44500000 +y_0=0 +ellps=krass +towgs84=15.8,-154.4,-82.3,0,0,0,0 +units=m +no_defs 
2421	+proj=tmerc +lat_0=0 +lon_0=135 +k=1 +x_0=45500000 +y_0=0 +ellps=krass +towgs84=15.8,-154.4,-82.3,0,0,0,0 +units=m +no_defs 
2422	+proj=tmerc +lat_0=0 +lon_0=75 +k=1 +x_0=500000 +y_0=0 +ellps=krass +towgs84=15.8,-154.4,-82.3,0,0,0,0 +units=m +no_defs 
2423	+proj=tmerc +lat_0=0 +lon_0=78 +k=1 +x_0=500000 +y_0=0 +ellps=krass +towgs84=15.8,-154.4,-82.3,0,0,0,0 +units=m +no_defs 
2424	+proj=tmerc +lat_0=0 +lon_0=81 +k=1 +x_0=500000 +y_0=0 +ellps=krass +towgs84=15.8,-154.4,-82.3,0,0,0,0 +units=m +no_defs 
2425	+proj=tmerc +lat_0=0 +lon_0=84 +k=1 +x_0=500000 +y_0=0 +ellps=krass +towgs84=15.8,-154.4,-82.3,0,0,0,0 +units=m +no_defs 
2426	+proj=tmerc +lat_0=0 +lon_0=87 +k=1 +x_0=500000 +y_0=0 +ellps=krass +towgs84=15.8,-154.4,-82.3,0,0,0,0 +units=m +no_defs 
2427	+proj=tmerc +lat_0=0 +lon_0=90 +k=1 +x_0=500000 +y_0=0 +ellps=krass +towgs84=15.8,-154.4,-82.3,0,0,0,0 +units=m +no_defs 
2428	+proj=tmerc +lat_0=0 +lon_0=93 +k=1 +x_0=500000 +y_0=0 +ellps=krass +towgs84=15.8,-154.4,-82.3,0,0,0,0 +units=m +no_defs 
2429	+proj=tmerc +lat_0=0 +lon_0=96 +k=1 +x_0=500000 +y_0=0 +ellps=krass +towgs84=15.8,-154.4,-82.3,0,0,0,0 +units=m +no_defs 
2430	+proj=tmerc +lat_0=0 +lon_0=99 +k=1 +x_0=500000 +y_0=0 +ellps=krass +towgs84=15.8,-154.4,-82.3,0,0,0,0 +units=m +no_defs 
2431	+proj=tmerc +lat_0=0 +lon_0=102 +k=1 +x_0=500000 +y_0=0 +ellps=krass +towgs84=15.8,-154.4,-82.3,0,0,0,0 +units=m +no_defs 
2432	+proj=tmerc +lat_0=0 +lon_0=105 +k=1 +x_0=500000 +y_0=0 +ellps=krass +towgs84=15.8,-154.4,-82.3,0,0,0,0 +units=m +no_defs 
2433	+proj=tmerc +lat_0=0 +lon_0=108 +k=1 +x_0=500000 +y_0=0 +ellps=krass +towgs84=15.8,-154.4,-82.3,0,0,0,0 +units=m +no_defs 
2434	+proj=tmerc +lat_0=0 +lon_0=111 +k=1 +x_0=500000 +y_0=0 +ellps=krass +towgs84=15.8,-154.4,-82.3,0,0,0,0 +units=m +no_defs 
2435	+proj=tmerc +lat_0=0 +lon_0=114 +k=1 +x_0=500000 +y_0=0 +ellps=krass +towgs84=15.8,-154.4,-82.3,0,0,0,0 +units=m +no_defs 
2436	+proj=tmerc +lat_0=0 +lon_0=117 +k=1 +x_0=500000 +y_0=0 +ellps=krass +towgs84=15.8,-154.4,-82.3,0,0,0,0 +units=m +no_defs 
2437	+proj=tmerc +lat_0=0 +lon_0=120 +k=1 +x_0=500000 +y_0=0 +ellps=krass +towgs84=15.8,-154.4,-82.3,0,0,0,0 +units=m +no_defs 
2438	+proj=tmerc +lat_0=0 +lon_0=123 +k=1 +x_0=500000 +y_0=0 +ellps=krass +towgs84=15.8,-154.4,-82.3,0,0,0,0 +units=m +no_defs 
2439	+proj=tmerc +lat_0=0 +lon_0=126 +k=1 +x_0=500000 +y_0=0 +ellps=krass +towgs84=15.8,-154.4,-82.3,0,0,0,0 +units=m +no_defs 
2440	+proj=tmerc +lat_0=0 +lon_0=129 +k=1 +x_0=500000 +y_0=0 +ellps=krass +towgs84=15.8,-154.4,-82.3,0,0,0,0 +units=m +no_defs 
2441	+proj=tmerc +lat_0=0 +lon_0=132 +k=1 +x_0=500000 +y_0=0 +ellps=krass +towgs84=15.8,-154.4,-82.3,0,0,0,0 +units=m +no_defs 
2442	+proj=tmerc +lat_0=0 +lon_0=135 +k=1 +x_0=500000 +y_0=0 +ellps=krass +towgs84=15.8,-154.4,-82.3,0,0,0,0 +units=m +no_defs 
4491	+proj=tmerc +lat_0=0 +lon_0=75 +k=1 +x_0=13500000 +y_0=0 +ellps=GRS80 +units=m +no_defs 
4492	+proj=tmerc +lat_0=0 +lon_0=81 +k=1 +x_0=14500000 +y_0=0 +ellps=GRS80 +units=m +no_defs 
4493	+proj=tmerc +lat_0=0 +lon_0=87 +k=1 +x_0=15500000 +y_0=0 +ellps=GRS80 +units=m +no_defs 
4494	+proj=tmerc +lat_0=0 +lon_0=93 +k=1 +x_0=16500000 +y_0=0 +ellps=GRS80 +units=m +no_defs 
4495	+proj=tmerc +lat_0=0 +lon_0=99 +k=1 +x_0=17500000 +y_0=0 +ellps=GRS80 +units=m +no_defs 
4496	+proj=tmerc +lat_0=0 +lon_0=105 +k=1 +x_0=18500000 +y_0=0 +ellps=GRS80 +units=m +no_defs 
4497	+proj=tmerc +lat_0=0 +lon_0=111 +k=1 +x_0=19500000 +y_0=0 +ellps=GRS80 +units=m +no_defs 
4498	+proj=tmerc +lat_0=0 +lon_0=117 +k=1 +x_0=20500000 +y_0=0 +ellps=GRS80 +units=m +no_defs 
4499	+proj=tmerc +lat_0=0 +lon_0=123 +k=1 +x_0=21500000 +y_0=0 +ellps=GRS80 +units=m +no_defs 
4500	+proj=tmerc +lat_0=0 +lon_0=129 +k=1 +x_0=22500000 +y_0=0 +ellps=GRS80 +units=m +no_defs 
4501	+proj=tmerc +lat_0=0 +lon_0=135 +k=1 +x_0=23500000 +y_0=0 +ellps=GRS80 +units=m +no_defs 
4502	+proj=tmerc +lat_0=0 +lon_0=75 +k=1 +x_0=500000 +y_0=0 +ellps=GRS80 +units=m +no_defs 
4503	+proj=tmerc +lat_0=0 +lon_0=81 +k=1 +x_0=500000 +y_0=0 +ellps=GRS80 +units=m +no_defs 
4504	+proj=tmerc +lat_0=0 +lon_0=87 +k=1 +x_0=500000 +y_0=0 +ellps=GRS80 +units=m +no_defs 
4505	+proj=tmerc +lat_0=0 +lon_0=93 +k=1 +x_0=500000 +y_0=0 +ellps=GRS80 +units=m +no_defs 
4506	+proj=tmerc +lat_0=0 +lon_0=99 +k=1 +x_0=500000 +y_0=0 +ellps=GRS80 +units=m +no_defs 
4507	+proj=tmerc +lat_0=0 +lon_0=105 +k=1 +x_0=500000 +y_0=0 +ellps=GRS80 +units=m +no_defs 
4508	+proj=tmerc +lat_0=0 +lon_0=111 +k=1 +x_0=500000 +y_0=0 +ellps=GRS80 +units=m +no_defs 
4509	+proj=tmerc +lat_0=0 +lon_0=117 +k=1 +x_0=500000 +y_0=0 +ellps=GRS80 +units=m +no_defs 
4510	+proj=tmerc +lat_0=0 +lon_0=123 +k=1 +x_0=500000 +y_0=0 +ellps=GRS80 +units=m +no_defs 
4511	+proj=tmerc +lat_0=0 +lon_0=129 +k=1 +x_0=500000 +y_0=0 +ellps=GRS80 +units=m +no_defs 
4512	+proj=tmerc +lat_0=0 +lon_0=135 +k=1 +x_0=500000 +y_0=0 +ellps=GRS80 +units=m +no_defs 
4513	+proj=tmerc +lat_0=0 +lon_0=75 +k=1 +x_0=25500000 +y_0=0 +ellps=GRS80 +units=m +no_defs 
4514	+proj=tmerc +lat_0=0 +lon_0=78 +k=1 +x_0=26500000 +y_0=0 +ellps=GRS80 +units=m +no_defs 
4515	+proj=tmerc +lat_0=0 +lon_0=81 +k=1 +x_0=27500000 +y_0=0 +ellps=GRS80 +units=m +no_defs 
4516	+proj=tmerc +lat_0=0 +lon_0=84 +k=1 +x_0=28500000 +y_0=0 +ellps=GRS80 +units=m +no_defs 
4517	+proj=tmerc +lat_0=0 +lon_0=87 +k=1 +x_0=29500000 +y_0=0 +ellps=GRS80 +units=m +no_defs 
4518	+proj=tmerc +lat_0=0 +lon_0=90 +k=1 +x_0=30500000 +y_0=0 +ellps=GRS80 +units=m +no_defs 
4519	+proj=tmerc +lat_0=0 +lon_0=93 +k=1 +x_0=31500000 +y_0=0 +ellps=GRS80 +units=m +no_defs 
4520	+proj=tmerc +lat_0=0 +lon_0=96 +k=1 +x_0=32500000 +y_0=0 +ellps=GRS80 +units=m +no_defs 
4521	+proj=tmerc +lat_0=0 +lon_0=99 +k=1 +x_0=33500000 +y_0=0 +ellps=GRS80 +units=m +no_defs 
4522	+proj=tmerc +lat_0=0 +lon_0=102 +k=1 +x_0=34500000 +y_0=0 +ellps=GRS80 +units=m +no_defs 
4523	+proj=tmerc +lat_0=0 +lon_0=105 +k=1 +x_0=35500000 +y_0=0 +ellps=GRS80 +units=m +no_defs 
4524	+proj=tmerc +lat_0=0 +lon_0=108 +k=1 +x_0=36500000 +y_0=0 +ellps=GRS80 +units=m +no_defs 
4525	+proj=tmerc +lat_0=0 +lon_0=111 +k=1 +x_0=37500000 +y_0=0 +ellps=GRS80 +units=m +no_defs 
4526	+proj=tmerc +lat_0=0 +lon_0=114 +k=1 +x_0=38500000 +y_0=0 +ellps=GRS80 +units=m +no_defs 
4527	+proj=tmerc +lat_0=0 +lon_0=117 +k=1 +x_0=39500000 +y_0=0 +ellps=GRS80 +units=m +no_defs 
4528	+proj=tmerc +lat_0=0 +lon_0=120 +k=1 +x_0=40500000 +y_0=0 +ellps=GRS80 +units=m +no_defs 
4529	+proj=tmerc +lat_0=0 +lon_0=123 +k=1 +x_0=41500000 +y_0=0 +ellps=GRS80 +units=m +no_defs 
4530	+proj=tmerc +lat_0=0 +lon_0=126 +k=1 +x_0=42500000 +y_0=0 +ellps=GRS80 +units=m +no_defs 
4531	+proj=tmerc +lat_0=0 +lon_0=129 +k=1 +x_0=43500000 +y_0=0 +ellps=GRS80 +units=m +no_defs 
4532	+proj=tmerc +lat_0=0 +lon_0=132 +k=1 +x_0=44500000 +y_0=0 +ellps=GRS80 +units=m +no_defs 
4533	+proj=tmerc +lat_0=0 +lon_0=135 +k=1 +x_0=45500000 +y_0=0 +ellps=GRS80 +units=m +no_defs 
4534	+proj=tmerc +lat_0=0 +lon_0=75 +k=1 +x_0=500000 +y_0=0 +ellps=GRS80 +units=m +no_defs 
4535	+proj=tmerc +lat_0=0 +lon_0=78 +k=1 +x_0=500000 +y_0=0 +ellps=GRS80 +units=m +no_defs 
4536	+proj=tmerc +lat_0=0 +lon_0=81 +k=1 +x_0=500000 +y_0=0 +ellps=GRS80 +units=m +no_defs 
4537	+proj=tmerc +lat_0=0 +lon_0=84 +k=1 +x_0=500000 +y_0=0 +ellps=GRS80 +units=m +no_defs 
4538	+proj=tmerc +lat_0=0 +lon_0=87 +k=1 +x_0=500000 +y_0=0 +ellps=GRS80 +units=m +no_defs 
4539	+proj=tmerc +lat_0=0 +lon_0=90 +k=1 +x_0=500000 +y_0=0 +ellps=GRS80 +units=m +no_defs 
4540	+proj=tmerc +lat_0=0 +lon_0=93 +k=1 +x_0=500000 +y_0=0 +ellps=GRS80 +units=m +no_defs 
4541	+proj=tmerc +lat_0=0 +lon_0=96 +k=1 +x_0=500000 +y_0=0 +ellps=GRS80 +units=m +no_defs 
4542	+proj=tmerc +lat_0=0 +lon_0=99 +k=1 +x_0=500000 +y_0=0 +ellps=GRS80 +units=m +no_defs 
4543	+proj=tmerc +lat_0=0 +lon_0=102 +k=1 +x_0=500000 +y_0=0 +ellps=GRS80 +units=m +no_defs 
4544	+proj=tmerc +lat_0=0 +lon_0=105 +k=1 +x_0=500000 +y_0=0 +ellps=GRS80 +units=m +no_defs 
4545	+proj=tmerc +lat_0=0 +lon_0=108 +k=1 +x_0=500000 +y_0=0 +ellps=GRS80 +units=m +no_defs 
4546	+proj=tmerc +lat_0=0 +lon_0=111 +k=1 +x_0=500000 +y_0=0 +ellps=GRS80 +units=m +no_defs 
4547	+proj=tmerc +lat_0=0 +lon_0=114 +k=1 +x_0=500000 +y_0=0 +ellps=GRS80 +units=m +no_defs 
4548	+proj=tmerc +lat_0=0 +lon_0=117 +k=1 +x_0=500000 +y_0=0 +ellps=GRS80 +units=m +no_defs 
4549	+proj=tmerc +lat_0=0 +lon_0=120 +k=1 +x_0=500000 +y_0=0 +ellps=GRS80 +units=m +no_defs 
4550	+proj=tmerc +lat_0=0 +lon_0=123 +k=1 +x_0=500000 +y_0=0 +ellps=GRS80 +units=m +no_defs 
4551	+proj=tmerc +lat_0=0 +lon_0=126 +k=1 +x_0=500000 +y_0=0 +ellps=GRS80 +units=m +no_defs 
4552	+proj=tmerc +lat_0=0 +lon_0=129 +k=1 +x_0=500000 +y_0=0 +ellps=GRS80 +units=m +no_defs 
4553	+proj=tmerc +lat_0=0 +lon_0=132 +k=1 +x_0=500000 +y_0=0 +ellps=GRS80 +units=m +no_defs 
4554	+proj=tmerc +lat_0=0 +lon_0=135 +k=1 +x_0=500000 +y_0=0 +ellps=GRS80 +units=m +no_defs 
